Title,anger,disgust,fear,joy,neutral,sadness,surprise,URL
Childish Gambino - Feels Like Summer (Official Video),0.0,0.0,0.0,0.6886029243469238,0.4226633409659068,0.0,0.8591163754463196,https://www.youtube.com/watch?v=F1B9Fk_SgI0&pp=ygUQZmVlbHMgbGllIHN1bW1lcg%3D%3D
twenty one pilots: Stressed Out [OFFICIAL VIDEO],0.0,0.0,0.8367868363857269,0.0,0.39074910680452984,0.4875519126653671,0.7334737777709961,https://www.youtube.com/watch?v=pXRviuL6vMY&pp=ygUMc3RyZXNzZWQgb3V0
twenty one pilots - Ride (Official Video),0.0,0.0,0.0,0.8680368065834045,0.6963503062725067,0.5451307892799377,0.5991809368133545,https://www.youtube.com/watch?v=Pw-0pbY9JeU&pp=ygUEcmlkZQ%3D%3D
Circles,0.0,0.6467739343643188,0.8301056027412415,0.0,0.7390897870063782,0.8898289799690247,0.0,https://www.youtube.com/watch?v=V4BFGSZ_1ls&pp=ygULY2lyY2xlcyBtYWM%3D
Mac Miller - Circles,0.0,0.0,0.0,0.0,0.6901602546374003,0.8972892165184021,0.0,https://www.youtube.com/watch?v=V4BFGSZ_1ls&pp=ygUSbWFjIG1pbGxlciBjaXJjbGVz
Mac Miller - Complicated,0.0,0.0,0.0,0.0,0.48559169471263885,0.6879090964794159,0.0,https://www.youtube.com/watch?v=Q-NUaixkovQ&pp=ygUWbWFjIG1pbGxlciBjb21wbGljYXRlZA%3D%3D
Mac Miller - Blue World,0.5270390510559082,0.0,0.8272678852081299,0.26912233233451843,0.4563346703847249,0.0,0.0,https://www.youtube.com/watch?v=_GC2wFTCAGY&pp=ygUVbWFjIG1pbGxlciBibHVlIHdvcmxk
Mac Miller - Good News,0.43950003385543823,0.4865931570529938,0.6715686172246933,0.0,0.6109438166022301,0.5758558809757233,0.0,https://www.youtube.com/watch?v=aIHF7u9Wwiw&pp=ygUUbWFjIG1pbGxlciBnb29kIG5ld3M%3D
Mac Miller - I Can See,0.45308730006217957,0.0,0.0,0.0,0.5895507335662842,0.0,0.3185492753982544,https://www.youtube.com/watch?v=rGxOUnlHpGI&pp=ygUUbWFjIG1pbGxlciBpIGNhbiBzZWU%3D
Mac Miller - Everybody,0.0,0.0,0.0,0.0,0.6230527758598328,0.4695177475611369,0.0,https://www.youtube.com/watch?v=_-Ig0aeJ6jc&pp=ygUUbWFjIG1pbGxlciBldmVyeWJvZHk%3D
Mac Miller - Woods,0.46400514245033264,0.0,0.3870811015367508,0.0,0.5660293201605479,0.0,0.0,https://www.youtube.com/watch?v=g8sX6wZHhD0&pp=ygUQbWFjIG1pbGxlciB3b29kcw%3D%3D
Mac Miller - Hand Me Downs,0.0,0.0,0.0,0.0,0.5420894742012023,0.0,0.0,https://www.youtube.com/watch?v=fYEXdCCpfVQ&pp=ygUNaGFuZCBtZSBkb3ducw%3D%3D
Mac Miller - That's On Me,0.9383220076560974,0.5316335260868073,0.0,0.8120486736297607,0.8964810371398926,0.0,0.0,https://www.youtube.com/watch?v=Eg7vEV5woSk&pp=ygUWdGhhdHMgb24gbWUgbWFjIG1pbGxlcg%3D%3D
Mac Miller - Hands,0.36798059940338135,0.0,0.0,0.0,0.5341645255684853,0.0,0.0,https://www.youtube.com/watch?v=IHJWYamH5SA&pp=ygUQaGFuZHMgbWFjIG1pbGxlcg%3D%3D
Mac Miller - Surf,0.0,0.0,0.0,0.0,0.529189313451449,0.8871423006057739,0.49082374572753906,https://www.youtube.com/watch?v=blYo4WheVgA&pp=ygUPc3VyZiBtYWMgbWlsbGVy
Mac Miller - Once A Day,0.7617472410202026,0.0,0.0,0.0,0.6503046303987503,0.0,0.9613766074180603,https://www.youtube.com/watch?v=pFFPIST6Fuo&pp=ygUVb25jZSBhIGRheSBtYWMgbWlsbGVy
Bruno Mars - 24K Magic (Official Music Video),0.769684761762619,0.7227551937103271,0.0,0.0,0.4376523196697235,0.3274400432904561,0.0,https://www.youtube.com/watch?v=UqyT8IEBkvY&pp=ygUKMjQgayBtYWdpYw%3D%3D
Bruno Mars - Chunky (Official Audio),0.0,0.0,0.9473281502723694,0.5757739543914795,0.6114382247130076,0.0,0.4598676562309265,https://www.youtube.com/watch?v=oacaq_1TkMU&pp=ygUGY2h1bmt5
Bruno Mars - Perm (Official Audio),0.3563552796840668,0.0,0.0,0.5353085100650787,0.5391954282919565,0.6797792911529541,0.30578799545764923,https://www.youtube.com/watch?v=ftXmvnL0ZOc&pp=ygUPYnJ1bm8gbWFycyBwZXJt
Bruno Mars - That’s What I Like [Official Music Video],0.0,0.0,0.6036480665206909,0.584789577871561,0.710748553276062,0.0,0.0,https://www.youtube.com/watch?v=PMivT7MJ41M&pp=ygUdYnJ1bm8gbWFycyB0aGF0J3Mgd2hhdCBpIGxpa2U%3D
Bruno Mars - Versace on the Floor (Official Music Video),0.0,0.3768615424633026,0.6664564609527588,0.0,0.5858067721128464,0.8638933300971985,0.0,https://www.youtube.com/watch?v=-FyjEnoIgTM&pp=ygUfYnJ1bm8gbWFycyB2ZXJzYWNlIG9uIHRoZSBmbG9vcg%3D%3D
Straight up & Down,0.0,0.694086879491806,0.0,0.6756052374839783,0.0,0.0,0.7600865960121155,https://www.youtube.com/watch?v=oDx-65i78BE&pp=ygUdc3RyYWlnaHQgdXAgJiBkb3duIGJydW5vIG1hcnM%3D
Calling All My Lovelies,0.6250649988651276,0.0,0.0,0.0,0.5653616388638815,0.48616544405619305,0.4787021577358246,https://www.youtube.com/watch?v=QV5fwAiStzo&pp=ygUdc3RyYWlnaHQgdXAgJiBkb3duIGJydW5vIG1hcnM%3D
Bruno Mars - Finesse (Official Audio),0.4449191093444824,0.0,0.3369806408882141,0.0,0.32502448558807373,0.6982598106066386,0.0,https://www.youtube.com/watch?v=MRSaiAREnwI&pp=ygUSZmluZXNzZSBicnVubyBtYXJz
Too Good to Say Goodbye,0.0,0.519698441028595,0.0,0.0,0.0,0.6658868661948613,0.0,https://www.youtube.com/watch?v=SviE5fHCV0c&list=PLD6VJwu9YM-UEsDrjmbPwPTFmfBi53l0Z&index=2
Adele - Rolling in the Deep (Official Music Video),0.0,0.0,0.9170104066530863,0.0,0.0,0.8396707773208618,0.0,https://www.youtube.com/watch?v=rYEDA3JcQqw&pp=ygUFYWRlbGU%3D
Rumour Has It,0.7499009966850281,0.3194398581981659,0.8195464611053467,0.0,0.3897222876548767,0.0,0.46145156025886536,https://www.youtube.com/watch?v=C1G3jmtoOfk&pp=ygUNcnVtb3VyIGhhcyBpdNIHCQnDCgGHKiGM7w%3D%3D
Turning Tables,0.0,0.0,0.0,0.0,0.33863717317581177,0.5313311815261841,0.0,https://www.youtube.com/watch?v=3SojhAemf34&pp=ygUOdHVybmluZyB0YWJsZXM%3D
Don't You Remember,0.5682830363512039,0.0,0.0,0.0,0.4323498159646988,0.0,0.0,https://www.youtube.com/watch?v=tQw1_sX9ipc&pp=ygUSZG9uJ3QgeW91IHJlbWVtYmVy
Set Fire to the Rain,0.45334582030773163,0.0,0.5920939147472382,0.0,0.5208023190498352,0.9595047831535339,0.0,https://www.youtube.com/watch?v=a2giXO6eyuI&pp=ygUUc2V0IGZpcmUgb24gdGhlIHJhaW4%3D
He Won't Go,0.0,0.0,0.6309346258640289,0.8822793364524841,0.5357344076037407,0.29379960894584656,0.0,https://www.youtube.com/watch?v=IlFL5QykQaE&pp=ygULaGUgd3dvbnQgZ28%3D
Take It All,0.4457059383392334,0.0,0.0,0.0,0.0,0.0,0.0,https://www.youtube.com/watch?v=UHE7qT9f3Ok&pp=ygULdGFrZSBpdCBhbGw%3D
I'll Be Waiting,0.0,0.0,0.7243264988064766,0.0,0.3404836058616638,0.6396488845348358,0.0,https://www.youtube.com/watch?v=qCCbvS9clVY&pp=ygUVaSdsbCBiZSB3YWl0aW5nIGFkZWxl
One And Only,0.0,0.0,0.9890247881412506,0.3716597259044647,0.4152986705303192,0.0,0.0,https://www.youtube.com/watch?v=dJg4_rL9h7Q&pp=ygUMb25lIGFuZCBvbmx5
Lovesong,0.0,0.0,0.0,0.7297532260417938,0.0,0.9749220609664917,0.0,https://www.youtube.com/watch?v=SCr2nU3CLzE&pp=ygUPbG92ZSBzb25nIGFkZWxl
Adele - Someone Like You (Official Music Video),0.0,0.0,0.847288966178894,0.0,0.42565250396728516,0.7679842412471771,0.0,https://www.youtube.com/watch?v=hLQl3WQQoQ0&pp=ygUQc29tZW9uZSBsaWtlIHlvdQ%3D%3D
Don't Stay - Linkin Park (Meteora),0.4117043912410736,0.0,0.9652891755104065,0.0,0.7462816834449768,0.0,0.7991809844970703,https://www.youtube.com/watch?v=oWfGOVWrueo&pp=ygUZZG9uJ3Qgc3RheSAtIGxpbmtpbmcgcGFyaw%3D%3D
Somewhere I Belong (Official Music Video) [4K UPGRADE] – Linkin Park,0.0,0.0,0.736039400100708,0.0,0.0,0.8360026359558106,0.8360273241996765,https://www.youtube.com/watch?v=zsCD5XCu6CM&pp=ygU1c29tZXdoZXJlIGkgYmVsb25nIG9mZmljaWFsIG11c2ljIHZpZGVvIC0gbGlua2luIHBhcms%3D
Lying From You - Linkin Park (Meteora),0.5786015540361404,0.9364452064037323,0.0,0.0,0.741492509841919,0.8723236322402954,0.822062611579895,https://www.youtube.com/watch?v=NjdgcHdzvac&pp=ygUObHlpbmcgZnJvbSB5b3U%3D
Hit The Floor - Linkin Park (Meteora),0.44291266798973083,0.0,0.0,0.0,0.6265751222769419,0.0,0.36736389994621277,https://www.youtube.com/watch?v=oMals9XXQY8&pp=ygUNaGl0IHRoZSBmbG9vZQ%3D%3D
Easier To Run - Linkin Park (Meteora),0.22958002984523773,0.0,0.0,0.0,0.3811366856098175,0.7342409491539001,0.0,https://www.youtube.com/watch?v=U5zdmjVeQzE&pp=ygUZZWFzaWVyIHRvIHJ1biBsaW5raW4gcGFya9IHCQnDCgGHKiGM7w%3D%3D
Faint (Official Music Video) [4K UPGRADE] – Linkin Park,0.562547892332077,0.0,0.9643712043762207,0.0,0.6408616304397583,0.6880674660205841,0.0,https://www.youtube.com/watch?v=LYU-8IFcDPw&pp=ygUFZmFpbnQ%3D
Linkin Park - Figure.09 (Official Audio),0.0,0.0,0.2659115493297577,0.0,0.6226126104593277,0.5626773734887441,0.8671430945396423,https://www.youtube.com/watch?v=LpC0SKU6O00&pp=ygUJZmlndXJlIDA5
Breaking the Habit (Official Music Video) [HD UPGRADE] – Linkin Park,0.4007517695426941,0.0,0.7595438063144684,0.0,0.33726632595062256,0.0,0.2743131220340729,https://www.youtube.com/watch?v=v2H4l9RpkwM&pp=ygUSYnJlYWtpbmcgdGhlIGhhYml0
From The Inside (Official Music Video) [4K UPGRADE] – Linkin Park,0.5266759991645813,0.0,0.0,0.0,0.0,0.6704984307289124,0.0,https://www.youtube.com/watch?v=YLHpvjrFpe0&pp=ygUPZnJvbSB0aGUgaW5zaWRl
Nobody's Listening - Linkin Park (Meteora),0.8740323583285013,0.0,0.8001691401004791,0.0,0.9433014392852783,0.0,0.0,https://www.youtube.com/watch?v=QJ87793QXes&pp=ygUSbm9ib2R5J3MgbGlzdGVuaW5n
Numb (Official Music Video) [4K UPGRADE] – Linkin Park,0.0,0.0,0.9767207503318787,0.0,0.0,0.8973030209541321,0.0,https://www.youtube.com/watch?v=kXYiU_JCYtU&pp=ygUQbnVtYiBsaW5raW4gcGFyaw%3D%3D
Billie Eilish - bad guy,0.0,0.0,0.8981680274009705,0.9392468333244324,0.5043210983276367,0.769798219203949,0.0,https://www.youtube.com/watch?v=DyDfgMOUjCI&pp=ygUVYmFkIGd1eSBiaWxsaWUgZWlsaXNo
Billie Eilish - xanny,0.0,0.6534250378608704,0.6718101799488068,0.0,0.0,0.32185500860214233,0.9681431651115417,https://www.youtube.com/watch?v=LZyybvVx-js&pp=ygUFeGFubnk%3D
Billie Eilish - you should see me in a crown (Vertical Video),0.0,0.40866661071777344,0.0,0.0,0.5564045111338297,0.0,0.0,https://www.youtube.com/watch?v=Ah0Ys50CqO8&pp=ygUqeW91IHNob3VsZCBzZWUgbWUgaW4gYSBjcm93biBiaWxsaWUgZWlsaXNo
Billie Eilish - all the good girls go to hell,0.32828235626220703,0.0,0.9355750977993011,0.0,0.0,0.0,0.8761968612670898,https://www.youtube.com/watch?v=-PZsSWwc9xA&pp=ygUdYWxsIHRoZSBnb29kIGdpcmxzIGdvIHRvIGhlbGw%3D
wish you were gay,0.0,0.0,0.0,0.0,0.4161393940448761,0.7311808094382286,0.0,https://www.youtube.com/watch?v=yaJx0Gj_LCY&pp=ygUfd2lzaCB5b3Ugd2VyZSBnYXkgYmlsbGllIGVpbGlzaA%3D%3D
Billie Eilish - when the party's over,0.0,0.0,0.0,0.419308140873909,0.0,0.5188329219818115,0.0,https://www.youtube.com/watch?v=pbMwTqkKSps&pp=ygUjd2hlbiB0aGUgcGFydHkncyBvdmVyIGJpbGxpZSBlaWxpc2g%3D
8,0.0,0.0,0.0,0.0,0.32055671513080597,0.946176290512085,0.0,https://www.youtube.com/watch?v=OZYd9JxithE&pp=ygUPOCBiaWxsaWUgZWlsaXNo
my strange addiction,0.0,0.6923003196716309,0.0,0.0,0.3124062716960907,0.0,0.48847169677416485,https://www.youtube.com/watch?v=k1ATPhkVWi0&pp=ygUibXkgc3RyYW5nZSBhZGRpY3Rpb24gYmlsbGllIGVpbGlzaA%3D%3D
Billie Eilish - bury a friend,0.33343449234962463,0.4732481837272644,0.0,0.0,0.0,0.49994057416915894,0.5782754123210907,https://www.youtube.com/watch?v=HUHC9tYz8ik&pp=ygUNYnVyeSBhIGZyaWVuZNIHCQnDCgGHKiGM7w%3D%3D
Billie Eilish - ilomilo (Official Audio),0.0,0.0,0.0,0.0,0.40924742817878723,0.7798632780710856,0.0,https://www.youtube.com/watch?v=-e7wiyNO2us&pp=ygUHaWxvbWlsbw%3D%3D
listen before i go,0.0,0.0,0.0,0.0,0.45153942704200745,0.8254962960879008,0.0,https://www.youtube.com/watch?v=P4z1O3miesI&pp=ygUgbGlzdGVuIGJlZm9yZSBpIGdvIGJpbGxpZSBlaWxpc2jSBwkJwwoBhyohjO8%3D
i love you,0.6296275854110718,0.0,0.0,0.0,0.0,0.799656867980957,0.0,https://www.youtube.com/watch?v=WiinVuzh4DA&pp=ygUYaSBsb3ZlIHlvdSBiaWxsaWUgZWlsaXNo
goodbye,0.0,0.0,0.0,0.0,0.437671959400177,0.0,0.0,https://www.youtube.com/watch?v=vciZvVJyNYU&pp=ygUVZ29vZGJ5ZSBiaWxsaWUgZWlsaXNo0gcJCcMKAYcqIYzv
Public Service Announcement 2000,0.6547854542732239,0.7000847458839417,0.0,0.0,0.0,0.0,0.0,https://www.youtube.com/watch?v=0NmsogZClfM&pp=ygUbcHVibGljIHNlcnZpY2UgYW5ub3VuY2VtZW50
Kill You,0.6734789704021654,0.7170792818069458,0.0,0.0,0.0,0.0,0.0,https://www.youtube.com/watch?v=D1I1x2pYMK0&pp=ygUPa2lsbCB5b3UgZW1pbmVt
Eminem - Stan (Long Version) ft. Dido,0.5898575782775879,0.0,0.46237117052078247,0.54426109790802,0.5745058357715607,0.5272237062454224,0.5473878756165504,https://www.youtube.com/watch?v=gOMhN-hfMtY&pp=ygULc3RhbiBlbWluZW0%3D
Paul (Skit),0.7366230487823486,0.0,0.0,0.0,0.0,0.0,0.0,https://www.youtube.com/watch?v=k_XCqo4yeMo&pp=ygULZW1pbmVtIHBhdWw%3D
Who Knew,0.5959538679856521,0.0,0.0,0.0,0.0,0.0,0.8241936415433884,https://www.youtube.com/watch?v=eskNJWOtBCo&pp=ygUPZW1pbmVtIHdobyBrbmV3
Steve Berman,0.8055542707443237,0.0,0.0,0.0,0.0,0.0,0.3231336772441864,https://www.youtube.com/watch?v=pRoQwMTWv6M&pp=ygUTZW1pbmVtIHN0ZXZlIGJlcm1hbg%3D%3D
Eminem - The Way I Am (Clean Version),0.6028323471546173,0.5598978400230408,0.500057578086853,0.0,0.5374004372528621,0.9583286643028259,0.0,https://www.youtube.com/watch?v=mQvteoFiMlg&pp=ygUZZW1pbmVtIHRoZSB3YXkgaSBhbSBjbGVhbg%3D%3D
Eminem - The Real Slim Shady (Official Video - Clean Version),0.5356982151667277,0.7697157263755798,0.5881341844797134,0.5333710759878159,0.5068906758512769,0.0,0.5631636679172516,https://www.youtube.com/watch?v=eJO5HU_7_1w&pp=ygUaZW1pbmVtIHRoZSByZWFsIHNsaW0gc2hhZHk%3D
Remember Me?,0.6324085406959057,0.4336349666118622,0.0,0.0,0.5197196304798126,0.7691472172737122,0.0,https://www.youtube.com/watch?v=CyuJdoePF0Y&pp=ygUSZW1pbmVtIHJlbWVtYmVyIG1l0gcJCcMKAYcqIYzv
I'm Back,0.44118867069482803,0.0,0.6528796255588531,0.0,0.54951012134552,0.0,0.5649938955903053,https://www.youtube.com/watch?v=UimodeZfA9o&pp=ygUOZW1pbmVtIGltIGJhY2s%3D
Marshall Mathers,0.6650536613804954,0.555281807978948,0.6179128587245941,0.0,0.0,0.0,0.5602981746196747,https://www.youtube.com/watch?v=XGSrs0QIUAc&pp=ygUXZW1pbmVtIG1hcnNoYWxsIG1hdGhlcnM%3D
Ken Kaniff (Skit),0.0,0.5541337728500366,0.0,0.0,0.0,0.0,0.0,https://www.youtube.com/watch?v=kAXYIaWrU24&pp=ygURZW1pbmVtIGtlbiBrYW5pZmY%3D
Drug Ballad,0.6668812036514282,0.6251950263977051,0.5943994522094727,0.5933039784431458,0.7348383814096451,0.7102324664592743,0.0,https://www.youtube.com/watch?v=s0rLH_v-lwg&pp=ygUSZW1pbmVtIGRydWcgYmFsbGFk
Amityville,0.5267945945262908,0.0,0.0,0.8256429433822632,0.3093559741973877,0.594663679599762,0.551664670308431,https://www.youtube.com/watch?v=uysfUhjRX9s&pp=ygURZW1pbmVtIGFtaXR5dmlsbGU%3D
Bitch Please II,0.721165133374078,0.4107372760772705,0.5615126490592957,0.0,0.37753984332084656,0.599568655093511,0.3700569421052933,https://www.youtube.com/watch?v=tEMA8GL-ArI&pp=ygUVZW1pbmVtIGJpdGNoIHBlbGFzZSAy
Kim,0.6698203682899475,0.27381184697151184,0.9308416843414307,0.0,0.22546857595443726,0.6817161440849304,0.6062826216220856,https://www.youtube.com/watch?v=-SeVN2u5Axc&pp=ygULZW1pbmVtIGtpaW0%3D
Under The Influence,0.7710784306892982,0.6756295164426168,0.9900637269020081,0.0,0.5606075823307037,0.6775611639022827,0.0,https://www.youtube.com/watch?v=j8zRlLHheb0&pp=ygUaZW1pbmVtIHVuZGVyIHRoZSBpbmZsdWVuY2XSBwkJwwoBhyohjO8%3D
Criminal,0.7845301713262286,0.76622074842453,0.0,0.0,0.0,0.0,0.41959547996520996,https://www.youtube.com/watch?v=mR8_ldc9lag&pp=ygUPZW1pbmVtIGNyaW1pbmFs
John Mayer - Waiting On The World To Change,0.0,0.0,0.0,0.0,0.8979158878326416,0.5552399158477783,0.0,https://www.youtube.com/watch?v=oBIxScJ5rlY&pp=ygUpam9obiBtYXllciB3YWl0aW5nIG9uIHRoZSB3b3JsZCB0byBjaGFuZ2U%3D
Belief,0.0,0.0,0.0,0.0,0.5744804739952087,0.7344359159469604,0.4845353364944458,https://www.youtube.com/watch?v=CkwEnP56fO8&pp=ygURam9obiBtYXllciBiZWxpZWY%3D
Gravity,0.571815237402916,0.0,0.0,0.0,0.38321587443351746,0.6023054718971252,0.0,https://www.youtube.com/watch?v=53pweVfVwV8&pp=ygUSam9obiBtYXllciBncmF2aXR5
The Heart of Life,0.5322452783584595,0.0,0.0,0.4146040976047516,0.0,0.0,0.0,https://www.youtube.com/watch?v=mrS92HRidYg&pp=ygUcam9obiBtYXllciB0aGUgaGVhcnQgb2YgbGlmZQ%3D%3D
Vultures,0.40286412835121155,0.0,0.5188927948474884,0.0,0.0,0.0,0.5527899861335754,https://www.youtube.com/watch?v=9WDkazi__Bw&pp=ygUTam9obiBtYXllciB2dWx0dXJlcw%3D%3D
Bold as Love,0.8161274790763855,0.0,0.6748504638671875,0.0,0.6730525493621826,0.0,0.7137589454650879,https://www.youtube.com/watch?v=9qIunneAx6Y&pp=ygUXam9obiBtYXllciBib2xkIGFzIGxvdmU%3D
I'm Gonna Find Another You,0.0,0.0,0.0,0.0,0.5671913921833038,0.866546630859375,0.0,https://www.youtube.com/watch?v=uGScLpU2I8k&pp=ygUlam9obiBtYXllciBpJ20gZ29ubmEgZmluZCBhbm90aGVyIHlvddIHCQnDCgGHKiGM7w%3D%3D
Pharrell Williams - Happy (Official Video),0.4445818066596985,0.0,0.0,0.9728970612798419,0.0,0.4107861816883087,0.0,https://www.youtube.com/watch?v=ZbZSe6N_BXs&pp=ygUFaGFwcHk%3D
"Queen - Killer Queen (Top Of The Pops, 1974)",0.0,0.0,0.9204629262288412,0.0,0.5423416197299957,0.0,0.41459915041923523,https://www.youtube.com/watch?v=2ZBtPf7FOoM&pp=ygUMa2lsbGVyIHF1ZWVu
